date,highest_category,FLUR,FLBP1FH,Investor Purchases_FL,Investor Market Share_FL,Investor Purchases YoY_FL,Investor Purchases_Total,Investor Market Share_Total,Investor Purchases YoY_Total,HPI_South_Atlantic_Not_Seasonally_Adjusted,HPI_South_Atlantic_Seasonally_Adjusted,HPI_USA_Not_Seasonally_Adjusted,HPI_USA_Seasonally_Adjusted,Inventory_FL,Inventory_Non_FL,Inventory_US,DaysToClose_FL,DaysToClose_Non_FL,DaysToClose_US,MarketTemp_FL,MarketTemp_Non_FL,MarketTemp_US,NewConSales_FL,NewConSales_Non_FL,NewConSales_US,ZHVI_Tier_FL,ZHVI_Tier_Non_FL,ZHVI_Tier_US,ZORDI_Condo_FL,ZORDI_Condo_Non_FL,ZORDI_Condo_US,ZORDI_MFR_FL,ZORDI_MFR_Non_FL,ZORDI_MFR_US,ZORDI_SFR_FL,ZORDI_SFR_Non_FL,ZORDI_SFR_US,ZORDI_All_FL,ZORDI_All_Non_FL,ZORDI_All_US
2020-06-01,,11.6,8764,,,,,,,294.08,288.85,289.47,283.54,2652.9224137931033,785.1560222477945,845.4736451373423,37.839285714285715,39.368556701030926,39.17567567567568,60.827586206896555,68.023282887078,67.78828828828829,381.5217391304348,473.8712121212121,466.4703832752613,238697.52024830598,205658.5856250668,206729.12093688126,66.625,106.37614678899082,101.288,98.95,102.8036809815951,102.58092485549133,118.5,200.0032786885246,194.05775075987842,101.70833333333333,134.29310344827587,132.6905737704918
2020-07-01,,11.6,9864,10876,15.833333333333334,-13.833333333333334,55548,10.840909090909092,-13.772727272727273,297.65,292.4,293.14,287.58,2443.189655172414,745.454065976218,800.28071640683,37.125,38.303264604811,38.15465465465466,63.3448275862069,70.19675925925925,69.97424412094065,380.4347826086956,500.3939393939394,490.780487804878,241181.07750572127,208556.38646356345,209613.49935766688,62.1875,113.90196078431373,106.88983050847457,99.2,113.99386503067484,113.13872832369943,119.91666666666667,207.05732484076432,200.8698224852071,102.625,143.03617021276597,141.07287449392712
2020-08-01,,8.6,10100,,,,,,,302.01,297.47,296.95,292.62,2278.806896551724,714.539585730725,765.056013363029,38.271428571428565,39.07422680412371,38.972972972972975,63.241379310344826,69.54069767441861,69.33520809898762,364.4782608695652,462.10227272727275,454.2787456445993,244021.54062424594,211412.7067360314,212469.3058229121,50.5,105.929203539823,99.05426356589147,102.05,120.7439024390244,119.66954022988506,115.41666666666667,191.33620689655172,186.43817204301075,97.95833333333333,141.85239085239084,139.76633663366337
2020-09-01,2.0,8.0,10633,,,,,,,304.81,301.61,300.51,297.31,2193.956896551724,699.575,747.7808676307008,38.839285714285715,39.371134020618555,39.304054054054056,61.172413793103445,66.19025522041764,66.02693602693603,355.4347826086956,465.9962121212121,457.13588850174216,247819.920747766,215076.07538978665,216137.04914998935,42.5,99.91228070175438,92.84615384615384,101.85,118.49085365853658,117.53448275862068,112.54166666666667,173.47027027027028,169.75888324873097,94.16666666666667,132.02258726899385,130.24461839530332
2020-10-01,,6.9,11596,12352,18.0,-4.5,61847,12.130681818181818,-0.08522727272727272,309.11,306.95,303.75,301.91,2089.1793103448276,656.2739272030651,702.4966814979606,39.41904761904762,39.38041237113402,39.385285285285285,60.51724137931034,64.3267211201867,64.2020316027088,360.7826086956522,471.8901515151515,462.98606271777004,250825.77210631166,217026.0053113513,218121.19328571318,43.3125,93.13157894736842,87.0,95.35,104.33876221498372,103.78899082568807,104.91666666666667,155.02710027100272,151.96692111959288,87.04166666666667,116.69183673469388,115.30739299610894
2020-11-01,,6.5,9439,,,,,,,311.65,310.63,305.82,305.53,2009.905172413793,589.5111111111112,635.3302743789395,39.339285714285715,39.896907216494846,39.82657657657658,60.62068965517241,63.75793184488837,63.654545454545456,337.7391304347826,423.56060606060606,416.6829268292683,254034.62906180398,218774.84998372517,219917.34561865733,37.6875,77.06194690265487,72.17829457364341,75.13636363636364,82.23333333333333,81.82460732984293,89.33333333333333,128.48108108108107,126.09644670050761,75.08333333333333,96.81466395112017,95.80194174757281
2020-12-01,,6.2,11019,,,,,,,314.09,314.64,307.87,309.58,1915.8103448275863,519.1689655172414,564.2219132369299,38.875,40.399484536082475,40.207207207207205,64.51724137931035,68.3744131455399,68.24744608399546,427.9130434782609,500.23018867924526,494.4548611111111,256430.10795381363,220066.4807172703,221244.7434992365,38.125,71.31858407079646,67.2015503875969,71.81818181818181,73.72375690607734,73.61458333333333,88.91666666666667,121.80160857908847,119.81360201511335,74.70833333333333,92.70672097759675,91.86796116504854
2021-01-01,,5.8,11074,13550,21.166666666666668,10.0,64000,14.831439393939394,16.553030303030305,316.96,318.54,310.8,313.28,1826.0086206896551,467.0216104868914,509.9058578164672,37.07,39.29342948717949,39.01316526610644,70.06896551724138,76.0324074074074,75.83874580067189,325.4782608695652,358.86037735849055,356.19444444444446,258245.6295948945,220688.45465357325,221905.39104832,50.25,86.070796460177,81.62790697674419,79.72727272727273,83.66849315068494,83.44444444444444,115.5,141.06933333333333,139.531328320802,93.75,106.37525354969574,105.78916827852998
2021-02-01,,5.5,9669,,,,,,,321.92,320.91,315.48,315.99,1544.5028735632184,418.02207257762814,453.53070652173915,34.609375,36.62900641025641,36.359722222222224,77.06896551724138,83.47497089639116,83.26576576576576,350.4782608695652,383.6716981132075,381.0208333333333,261245.6652804566,223029.01342788644,224267.31834824907,65.25,102.27433628318585,97.68217054263566,110.04545454545455,108.16164383561645,108.2687338501292,161.70833333333334,189.91733333333335,188.22055137844612,129.95833333333334,139.026369168357,138.605415860735
2021-03-01,,5.4,12762,,,,,,,330.28,327.36,322.72,320.6,1402.094827586207,425.6300037411148,456.40987318840575,35.53125,37.22327044025157,37.001366120218584,79.0,85.20092915214866,84.99887640449438,455.5217391304348,503.655303030303,499.7979094076655,265953.69463959837,226860.11226612065,228126.8316949819,78.5,107.929203539823,104.27906976744185,148.4090909090909,135.36263736263737,136.10621761658032,208.83333333333334,241.66754617414247,239.712158808933,169.16666666666666,171.32,171.22137404580153
2021-04-01,,5.2,12749,19200,22.0,161.5,89012,15.013257575757576,132.2159090909091,336.48,331.57,330.08,325.37,1343.1580459770116,440.2902169846614,468.7501811594203,38.046875,37.432098765432094,37.5114247311828,79.48275862068965,85.29566210045662,85.10939226519336,412.3478260869565,455.7245283018868,452.2604166666667,271897.85151039326,231531.34322047944,232839.30829356043,94.625,118.97345132743362,115.95348837209302,186.27272727272728,155.71195652173913,157.43589743589743,242.08333333333334,278.109375,275.9901960784314,198.625,195.0059405940594,195.17013232514176
2021-05-01,,5.0,12702,,,,,,,344.12,337.48,337.51,330.77,1363.448275862069,477.4567714178825,505.3847644927536,37.752941176470586,37.5530303030303,37.57979002624672,76.06896551724138,81.0783200908059,80.91868131868132,380.2608695652174,431.8905660377358,427.7673611111111,279701.37592627277,237825.24843353484,239182.12854223806,108.75,133.84821428571428,130.7109375,208.77272727272728,167.30913978494624,169.62436548223351,266.75,284.90180878552974,283.8418491484185,223.16666666666666,204.18235294117648,205.03558052434457
2021-06-01,,4.9,14372,,,,,,,351.39,344.79,344.04,336.76,1442.051724137931,531.2268310911809,559.9064422728918,36.89705882352941,37.842424242424244,37.715879265091864,73.93103448275862,75.68863636363636,75.63256325632564,395.69565217391306,450.3283018867925,445.96527777777777,288243.35289335495,243638.4713487256,245083.76918648457,126.41176470588235,161.41228070175438,156.87022900763358,225.9090909090909,182.40641711229947,184.82323232323233,284.7083333333333,277.5692695214106,277.9762470308789,242.83333333333334,208.98646034816247,210.48798521256933
2021-07-01,,4.7,13042,21273,25.5,95.33333333333333,99412,16.56439393939394,72.44696969696969,357.4,351.01,348.48,341.85,1564.048275862069,585.6908071748879,616.4968512486428,38.294117647058826,38.18909090909091,38.20314960629921,71.79310344827586,70.91770011273957,70.94541484716157,332.17391304347825,390.98490566037736,386.28819444444446,294090.94324044674,246763.6078006294,248297.11922828827,137.38888888888889,167.95726495726495,163.88148148148147,231.63636363636363,195.3244680851064,197.33165829145727,274.7083333333333,258.33827160493826,259.2540792540793,241.5,207.77692307692308,209.26470588235293
2021-08-01,,4.5,12876,,,,,,,363.29,358.1,350.86,345.94,1657.5344827586207,624.7608370702541,657.2803112558812,38.61764705882353,37.974474474474476,38.059895833333336,67.82758620689656,66.74547511312217,66.77984665936474,350.2173913043478,396.79245283018867,393.0729166666667,298675.93951224355,247977.99239381842,249620.71917195732,130.27777777777777,159.44444444444446,155.55555555555554,217.95454545454547,185.86910994764398,187.61633663366337,227.83333333333334,221.39709443099272,221.75057208237988,207.70833333333334,184.1731843575419,185.1800356506239
2021-09-01,,4.2,12162,,,,,,,365.12,361.26,353.2,349.48,1664.1120689655172,622.6874766703994,655.4437816341286,37.6764705882353,37.55580357142857,37.57170542635659,65.24137931034483,63.943630214205186,63.98471615720524,363.17391304347825,396.3698113207547,393.71875,302884.0570604063,248621.64755147957,250379.87087634986,123.22222222222223,137.83898305084745,135.90441176470588,206.0909090909091,163.55526992287918,165.83211678832117,187.95833333333334,187.59952038369303,187.61904761904762,180.70833333333334,159.4739776951673,160.38078291814946
2021-10-01,,4.0,11310,20456,27.5,69.66666666666667,94722,17.731060606060606,46.48295454545455,369.29,366.72,356.02,353.92,1645.1310344827587,600.9736095558044,633.8158712942877,37.199999999999996,37.31991150442477,37.30423076923077,65.20689655172414,61.546380090497735,61.66265060240964,323.1304347826087,363.1203007518797,359.93771626297575,307384.350179175,249719.99216873117,251588.44622717015,116.11111111111111,121.24166666666666,120.57246376811594,196.95454545454547,140.94014962593516,143.8534278959811,165.79166666666666,161.86352941176472,162.07349665924275,162.875,138.53382084095065,139.5569176882662
2021-11-01,,3.8,10626,,,,,,,374.87,373.63,358.94,358.85,1534.948275862069,534.6090892123927,566.0731200289226,36.30882352941177,36.825958702064895,36.75833333333333,66.62068965517241,60.659909909909906,60.848418756815704,350.0,374.817843866171,372.86301369863014,312169.8966163076,251363.38794055567,253333.65470211636,101.27777777777777,101.50434782608696,101.47368421052632,181.22727272727272,123.7412935323383,126.72405660377359,144.125,136.62004662004662,137.01766004415012,144.0,119.85063752276866,120.86212914485166
2021-12-01,,3.6,11256,,,,,,,378.77,379.6,361.62,363.89,1400.094827586207,450.1713325867861,480.0496203904555,36.411764705882355,37.030235988200594,36.94935897435898,72.58620689655173,65.03510758776896,65.27521929824562,418.60869565217394,447.9442379182156,445.6335616438356,316183.9487620096,251795.2081666178,253881.54724736238,93.72222222222223,99.80645161290323,99.03521126760563,175.77272727272728,117.54656862745098,120.52558139534884,131.625,127.53440366972477,127.74782608695652,134.875,113.03237410071942,113.93620689655172
2022-01-01,,3.5,11878,18849,27.5,40.0,84441,18.738636363636363,28.285984848484848,385.01,387.04,366.15,369.29,1285.889655172414,384.5624860022396,412.91225596529284,37.36470588235294,38.03761061946903,37.949615384615385,79.72413793103448,73.5554298642534,73.7513691128149,315.4782608695652,342.11439114391146,340.03061224489795,323884.0880687792,254700.08955428834,256941.80570727188,116.94736842105263,104.05555555555556,105.7448275862069,196.5909090909091,123.82227488151659,127.42792792792793,151.04,141.2982062780269,141.81528662420382,157.28,122.2202486678508,123.71088435374149
2022-02-01,,3.3,11884,,,,,,,395.41,394.19,373.89,374.48,1251.5862068965516,374.38559163867114,401.9765003615329,36.470588235294116,37.32448377581121,37.212820512820514,81.48275862068965,80.88674971687429,80.90570175438596,329.5217391304348,365.3357933579336,362.53401360544217,332616.6955033258,258304.44299949022,260712.32604151394,130.72222222222223,117.93023255813954,119.49659863945578,221.13636363636363,141.21311475409837,145.1291759465479,178.36,170.33260393873084,170.74896265560167,182.4,142.9809688581315,144.61525704809287
2022-03-01,,3.2,13267,,,,,,,403.84,400.26,381.67,379.09,1268.7413793103449,389.6486562150056,417.2990780911063,34.75,34.72566371681416,34.728846153846156,77.44827586206897,81.81397970687712,81.67576419213974,422.7826086956522,471.4059040590406,467.6020408163265,343057.0809294132,262959.65082006244,265554.986544276,123.05,130.93333333333334,129.91612903225806,218.13636363636363,151.183908045977,154.4070021881838,181.08,186.2258064516129,185.96326530612245,181.04,154.6542372881356,155.72682926829268
2022-04-01,,3.1,13511,21969,27.166666666666668,14.5,95268,17.914772727272727,6.935606060606061,413.03,406.87,389.73,383.76,1357.8758620689655,427.76573348264276,457.02082429501087,35.55294117647059,34.23185840707964,34.40461538461539,75.3103448275862,78.45382882882883,78.35441657579062,343.82608695652175,407.01476014760146,402.07142857142856,354873.0897820811,268722.21123558807,271513.69221642416,114.05,145.4927536231884,141.5126582278481,201.7391304347826,157.25850340136054,159.46336206896552,166.4,194.52,193.114,166.46153846153845,161.6968174204355,161.8956661316212
2022-05-01,,3.0,12635,,,,,,,420.39,412.15,395.55,387.29,1572.6206896551723,506.1303658081374,539.6750723065799,35.661764705882355,34.43141592920354,34.59230769230769,68.34482758620689,70.08022598870056,70.02516411378556,371.04347826086956,423.7527675276753,419.6292517006803,364429.32263865403,273480.6183825199,276427.55963774666,103.85,146.70344827586206,141.5090909090909,183.47826086956522,158.7054945054945,159.89748953974896,148.72,194.260162601626,192.05802707930368,152.77777777777777,159.06677524429966,158.801872074883
2022-06-01,,2.9,12002,,,,,,,423.98,415.6,396.9,388.18,1850.4568965517242,591.0618701007838,630.6740780911063,35.81862745098039,34.940265486725664,35.055128205128206,59.689655172413794,62.818693693693696,62.719738276990185,404.95652173913044,438.1845018450185,435.5850340136054,371499.6643349664,277376.7365596292,280426.529750115,100.7,135.33333333333334,131.25882352941176,165.2608695652174,159.6791208791209,159.94769874476987,139.0,184.40529531568228,182.20542635658916,144.37037037037038,153.81715210355986,153.4217054263566
2022-07-01,,2.9,9985,15325,26.333333333333332,-25.666666666666668,71514,16.380681818181817,-18.926136363636363,420.82,413.26,393.93,386.36,2217.696551724138,676.8683090705488,725.3325379609544,35.705882352941174,35.18761061946903,35.255384615384614,51.793103448275865,58.193258426966295,57.991294885745376,324.5652173913044,359.85239852398524,357.09183673469386,373226.6422853456,277469.08151626145,280571.8404685558,91.78947368421052,119.81290322580645,116.75287356321839,148.8695652173913,152.9449152542373,152.75555555555556,122.56,165.98224852071007,163.94172932330827,124.25925925925925,142.348031496063,141.61027190332325
2022-08-01,,2.8,10905,,,,,,,418.16,412.48,390.15,384.78,2398.560344827586,707.2000746547219,760.3990419378163,34.794117647058826,34.6858407079646,34.7,48.310344827586206,54.142857142857146,53.95860566448802,373.8695652173913,395.37867647058823,393.7016949152542,371492.52660379757,275089.1608884786,278212.84536417056,73.1,101.68553459119497,98.49162011173185,122.65217391304348,135.88636363636363,135.28599605522683,96.76,138.76470588235293,136.8018691588785,96.85185185185185,123.42612752721618,122.35522388059701
2022-09-01,4.0,2.8,9081,,,,,,,418.17,413.77,389.71,385.63,2451.655172413793,694.2833146696529,749.558568329718,34.01470588235294,34.31858407079646,34.27884615384615,43.724137931034484,49.47811447811448,49.29673913043478,314.4347826086956,389.4742647058824,383.6237288135593,369329.9063742564,271392.51433178637,274569.4543421126,56.5,83.95625,80.90555555555555,102.3913043478261,114.34151329243353,113.8046875,73.92,113.31800766283524,111.51736745886654,76.51851851851852,102.69571865443424,101.65785609397945
2022-10-01,,2.9,9057,12071,25.833333333333332,-37.333333333333336,53009,16.856060606060606,-34.07007575757576,418.14,415.42,388.46,386.28,2453.2155172413795,690.7049030574199,746.0817262549657,34.45882352941176,34.422123893805306,34.426923076923075,41.41379310344828,45.24634420697413,45.12527233115468,359.9130434782609,348.7818181818182,349.6409395973154,368152.59437975066,271372.99227879586,274508.867654134,46.23809523809524,69.6583850931677,66.95604395604396,89.21739130434783,92.57831325301204,92.42994241842611,62.68,92.44990548204159,91.10649819494584,67.17857142857143,84.21148036253777,83.52028985507246
2022-11-01,,2.9,7562,,,,,,,416.77,415.34,386.18,386.26,2525.5258620689656,659.2988826815642,717.8709415584416,34.93137254901961,34.0117994100295,34.132051282051286,39.96551724137931,43.31101021566402,43.20439560439561,349.9130434782609,339.3695652173913,340.18060200668896,365544.95310829027,268858.35724169016,271991.2190072001,43.76190476190476,60.6319018404908,58.70652173913044,80.82608695652173,75.43426294820718,75.6704761904762,58.48,74.91977611940298,74.18716577540107,61.642857142857146,68.73841554559043,68.45337159253945
2022-12-01,,2.9,7758,,,,,,,414.64,415.54,383.91,386.47,2472.8413793103446,582.9092923649906,642.2253427128427,33.30588235294118,33.76913043478261,33.70946969696969,42.41379310344828,46.98057142857143,46.834070796460175,425.30434782608694,389.58273381294964,392.312292358804,361784.4861110027,265855.8745178742,268964.1758991041,43.80952380952381,56.91411042944785,55.41847826086956,75.95454545454545,70.1624266144814,70.4015009380863,62.38461538461539,71.51024208566108,71.08880994671404,62.357142857142854,65.91479820627802,65.77187948350071
2023-01-01,,2.8,8060,9948,23.333333333333332,-45.666666666666664,44926,16.901515151515152,-39.79924242424243,417.19,419.5,384.29,387.76,2439.7586206896553,525.181066518023,585.1408387329013,33.705882352941174,34.69230769230769,34.56716417910448,46.642857142857146,54.14709236031927,53.914917127071824,312.5652173913044,272.66187050359713,275.7109634551495,357691.5860600514,263391.9796221972,266447.49759616127,51.55,61.9079754601227,60.775956284153004,86.4090909090909,73.13819577735124,73.67587476979742,72.3076923076923,82.22101449275362,81.77508650519032,73.62962962962963,72.36592592592592,72.41452991452991
2023-02-01,,2.8,8402,,,,,,,420.95,419.63,389.7,390.24,2386.137931034483,493.9255753526355,553.1209996404172,32.19117647058823,33.80982905982906,33.6044776119403,47.89655172413793,61.0193401592719,60.60022026431718,338.6521739130435,325.94405594405595,326.88996763754045,357181.55143201374,262361.68015652226,265434.0558738287,59.714285714285715,71.68823529411765,70.3717277486911,101.31818181818181,85.49245283018868,86.1231884057971,82.42307692307692,100.17422867513612,99.37435008665511,83.92592592592592,86.11407407407407,86.02991452991454
2023-03-01,,2.8,10891,,,,,,,427,423.17,395,392.19,2309.948275862069,483.9190794357832,541.0440489032721,31.897058823529413,32.78177966101695,32.67037037037037,47.89655172413793,64.03712035995501,63.52723311546841,442.30434782608694,447.99298245614034,447.5681818181818,359400.6591526506,264567.83459559083,267640.63002816594,55.904761904761905,76.53892215568862,74.23404255319149,97.27272727272727,89.33024118738405,89.64171122994652,80.42307692307692,108.33333333333333,107.07785467128028,80.33333333333333,91.06695778748181,90.6610644257703
2023-04-01,,2.8,9388,12308,21.833333333333332,-41.666666666666664,53849,14.882575757575758,-36.46212121212121,431.59,424.85,400.91,394.42,2225.4655172413795,492.48869710467704,546.7026429341963,33.56470588235294,33.19152542372881,33.23851851851852,45.310344827586206,65.32513966480447,64.6969696969697,371.7391304347826,378.73519163763063,378.21612903225804,363345.31472390326,268839.0755383065,271901.28887504654,48.45,76.7202380952381,73.7127659574468,87.34782608695652,93.42307692307692,93.1775043936731,72.65384615384616,110.84324324324324,109.1342512908778,73.11111111111111,93.87554269175108,93.09470752089136
2023-05-01,,2.9,11411,,,,,,,436.74,427.9,406.29,397.48,2158.301724137931,510.0168893838159,561.5813556274721,34.25,33.65126050420168,33.72610294117647,44.44827586206897,63.44370122630992,62.8488120950324,431.95652173913044,430.49825783972125,430.60645161290324,366883.75839035935,272766.91616898624,275816.5121739246,39.1,73.15934065934066,69.7871287128713,77.58333333333333,91.85008818342152,91.27072758037225,64.48148148148148,107.51826086956521,105.58803986710963,66.5925925925926,91.73876404494382,90.82002706359945
2023-06-01,,2.9,12569,,,,,,,441.36,432.26,409.14,399.91,2148.189655172414,526.6422605790646,577.3702804746495,35.3235294117647,34.24859943977591,34.38296568627451,44.62068965517241,61.65324384787472,61.1180931744312,424.0,431.10801393728224,430.5806451612903,370401.8143294707,276340.58677255217,279388.3807380836,33.523809523809526,66.75,63.34634146341463,76.125,91.27272727272727,90.67380560131795,62.666666666666664,103.36456558773425,101.57491856677524,66.07407407407408,90.25753424657535,89.39498018494055
2023-07-01,,2.9,10513,11310,22.333333333333332,-24.0,52124,15.058712121212123,-24.397727272727273,445.41,437.39,411.22,403.34,2154.4137931034484,542.6341314031181,593.0565803667745,35.6,34.50084033613446,34.63823529411765,45.172413793103445,60.69385474860335,60.20670995670996,355.9130434782609,356.2926829268293,356.26451612903224,371853.9340641645,278496.1598125163,281521.1603189943,29.714285714285715,58.68306010928962,55.700980392156865,69.20833333333333,88.30360205831904,87.54859967051071,57.25925925925926,95.78061224489795,94.08943089430895,58.57142857142857,86.42876901798064,85.39014647137151
2023-08-01,3.0,3.0,12214,,,,,,,444.18,438.45,411.62,406.08,2182.25,558.004825538233,608.8172419992809,34.69117647058823,33.955882352941174,34.04779411764706,42.86206896551724,58.10356347438753,57.62675296655879,382.7391304347826,401.91637630662024,400.4935483870968,372279.143906369,278964.3001816445,281987.90964311606,28.35,52.96756756756757,50.56585365853658,62.083333333333336,82.35628227194492,81.55206611570247,48.148148148148145,87.09563758389261,85.40770465489567,50.55555555555556,79.68792401628222,78.65837696335079
2023-09-01,,3.1,11590,,,,,,,446.81,442.08,412.44,408.16,2257.648275862069,572.2734966592427,624.9982740021575,34.15294117647059,33.51764705882353,33.59705882352941,40.51724137931034,53.12026726057906,52.7259978425027,369.60869565217394,366.25,366.4983922829582,372308.1301029451,278723.7031512042,281756.04771165166,23.61904761904762,44.6931216931217,42.58571428571429,53.083333333333336,72.45254237288135,71.69543973941369,40.111111111111114,76.28523489932886,74.71749598715891,41.214285714285715,70.67567567567568,69.6015625
2023-10-01,,3.1,11269,10850,25.333333333333332,-11.0,49521,17.267045454545453,-7.390151515151516,446.32,443.63,412.06,409.84,2437.396551724138,590.5860244988864,648.3611111111111,33.51470588235294,33.195378151260506,33.23529411764706,39.06896551724138,48.08482142857143,47.80216216216216,355.8695652173913,349.89310344827584,350.33226837060704,371911.8987524414,277642.00670476165,280696.56186608307,19.857142857142858,39.01020408163265,37.15668202764977,46.791666666666664,62.62626262626262,62.01132686084142,36.074074074074076,66.76974789915967,65.43729903536978,37.0,61.60081190798376,60.702737940026076
2023-11-01,,3.1,9379,,,,,,,445.33,443.65,410.95,411.1,2593.146551724138,583.4245545657016,646.2961165048544,33.14705882352941,33.04621848739496,33.05882352941177,38.03448275862069,45.59865470852018,45.360477741585235,356.5652173913044,341.31615120274915,342.4331210191083,370924.00225496024,276246.7592612259,279314.51350348094,16.80952380952381,33.020833333333336,31.422535211267604,43.24,53.13400335008375,52.736334405144696,31.40740740740741,56.50657894736842,55.439370078740154,32.214285714285715,51.81241565452092,51.09882964889467
2023-12-01,,3.2,9584,,,,,,,445.19,445.94,409.75,412.49,2632.9517241379313,530.8794543429844,596.6400755124056,32.976470588235294,33.021848739495795,33.016176470588235,37.86206896551724,47.818897637795274,47.50435729847494,359.60869565217394,342.4810996563574,343.7356687898089,369316.83027368906,273940.2437171278,277030.6582535974,17.95,31.495049504950494,30.274774774774773,44.8,51.07807308970099,50.82775119617225,32.48148148148148,54.885245901639344,53.93563579277865,32.607142857142854,50.49665327978581,49.85032258064516
2024-01-01,,3.2,11318,10159,24.833333333333332,1.3333333333333333,46245,17.43371212121212,2.278409090909091,442.26,444.68,409.09,412.84,2735.1724137931033,488.38669265033406,558.6744875943905,33.94117647058823,34.32162534435262,34.27475845410628,39.92857142857143,53.58163265306123,53.16153846153846,258.17391304347825,259.17747440273035,259.1044303797468,367585.6422032435,272130.3336966406,275223.29900020646,21.19047619047619,34.335,33.085972850678736,51.458333333333336,59.093904448105434,58.80348652931854,40.888888888888886,66.76897689768977,65.6650868878357,40.17857142857143,60.19143239625167,59.468387096774194
2024-02-01,,3.2,9980,,,,,,,451.47,450.09,416.84,417.32,2895.4310344827586,484.7846139569413,560.1985796476088,32.98529411764706,33.93852459016394,33.82194244604317,40.793103448275865,59.82022471910113,59.21980413492927,305.5652173913044,311.1254237288136,310.72327044025155,367989.3386747209,272977.43334594084,276056.0313957002,24.181818181818183,42.06,40.288288288288285,62.84,69.5831960461285,69.31645569620254,47.51851851851852,83.16,81.62519936204147,47.142857142857146,72.43105756358769,71.51741935483871
2024-03-01,,3.2,10648,,,,,,,455.51,451.35,421.23,418.1,3020.0827586206897,506.00462138084634,584.6543149946064,31.952941176470592,32.44098360655738,32.381294964028775,40.241379310344826,62.110986547085204,61.42236699239957,349.6521739130435,359.31103678929765,358.62111801242236,370407.8746714545,276757.3129752787,279791.800449233,25.136363636363637,48.554455445544555,46.254464285714285,61.68,74.88543371522096,74.36635220125787,47.18518518518518,91.23217247097844,89.34444444444445,47.42857142857143,78.81283422459893,77.68041237113403
2024-04-01,,3.3,12096,11628,21.5,-5.166666666666667,55466,15.403409090909092,3.3825757575757573,460.32,452.95,427.05,419.94,3078.4224137931033,542.4081291759466,621.7440668824164,33.80882352941177,32.72336065573771,32.856115107913666,39.3448275862069,60.818080357142854,60.144864864864864,324.9130434782609,343.6354515050167,342.29813664596276,372627.7342251336,280867.7847547583,283841.0121677648,25.59090909090909,53.79601990049751,51.01345291479821,54.12,76.31774193548387,75.45736434108527,45.23076923076923,92.98013245033113,91.00952380952381,45.592592592592595,80.96684350132627,79.74391805377721
2024-05-01,,3.3,12682,,,,,,,464.21,454.57,430.07,420.58,3175.103448275862,588.8994060876021,669.8054656598346,34.705882352941174,33.35040983606557,33.51618705035971,37.793103448275865,57.286191536748326,56.676375404530745,377.5652173913044,368.3333333333333,368.9907120743034,373678.3129064227,283828.43137194327,286739.7683155186,24.0,54.588516746411486,51.55603448275862,48.08,76.77866242038216,75.67993874425727,45.48148148148148,90.38235294117646,88.48513302034429,44.82142857142857,80.35,79.08756345177665
2024-06-01,,3.4,10798,,,,,,,465.73,455.92,431.28,421.41,3415.993103448276,639.4162583518931,726.2778856526429,35.28235294117647,34.208196721311474,34.33956834532374,36.241379310344826,54.130434782608695,53.570194384449245,331.7391304347826,338.66333333333336,338.1702786377709,373454.41289933684,286112.89303480583,288942.95345499733,22.136363636363637,55.31730769230769,52.143478260869564,47.16,77.09744408945687,75.94777265745007,44.851851851851855,86.6,84.84423676012462,42.392857142857146,78.84375,77.56155778894473
2024-07-01,,3.4,11033,10030,21.166666666666668,-12.0,51032,14.537878787878787,-0.6022727272727273,463.21,454.88,430.89,422.66,3435.6724137931033,670.9365256124721,757.4277238403452,34.544117647058826,34.09494535519126,34.14988009592326,34.55172413793103,51.331103678929765,50.80561555075594,321.82608695652175,328.31,327.8482972136223,372907.2775451945,287222.7535161119,289999.12356845086,18.434782608695652,51.953271028037385,48.70042194092827,44.36,75.47151898734177,74.28767123287672,39.51851851851852,80.0864,78.40644171779141,38.25,75.64036222509702,74.33333333333333
2024-08-01,1.0,3.4,10755,,,,,,,460.72,454.92,430.03,424.25,3222.958620689655,696.578285077951,775.6128371089536,34.199999999999996,33.795081967213115,33.84460431654676,34.58620689655172,48.67857142857143,48.236756756756755,320.17391304347825,332.96,332.0495356037152,371805.3248363193,287128.7041371899,289872.4158693405,15.681818181818182,47.93665158371041,45.016460905349795,40.64,70.12852664576802,69.01659125188537,33.407407407407405,70.68203497615262,69.14786585365853,32.607142857142854,68.97175866495508,67.7100371747212
2024-09-01,4.0,3.5,9165,,,,,,,463.27,458.19,431.49,426.98,3248.2844827586205,713.9149034892354,793.1993887090974,34.11764705882353,33.56967213114754,33.63669064748201,34.785714285714285,45.776905829596416,45.44239130434783,288.0,309.33112582781456,307.82153846153847,370145.8934293294,286606.37573491567,289313.24278870114,14.095238095238095,41.29680365296804,38.916666666666664,31.916666666666668,61.3343653250774,60.28059701492537,28.035714285714285,61.882165605095544,60.4375,28.107142857142858,60.98191214470284,59.83416458852868
2024-10-01,2.0,3.5,9687,9188,22.833333333333332,-14.833333333333334,47872,15.58901515151515,-0.005681818181818182,464.34,461.67,431.35,429.08,3235.2241379310344,721.3574610244989,800.0005393743257,34.5735294117647,33.62909836065574,33.74460431654676,32.58620689655172,43.002234636871506,42.675324675324674,267.2608695652174,313.3125,310.07339449541286,368191.38886650547,286124.1799463591,288783.3409057828,13.047619047619047,34.736363636363635,32.84647302904564,34.28,53.00304414003044,52.316715542522,25.857142857142858,55.033018867924525,53.8027108433735,26.0,53.91773778920309,52.94789081885856
2024-11-01,,3.5,8192,,,,,,,466.83,464.83,430.55,430.66,3329.8482758620694,690.8684298440979,773.4255124056094,35.27058823529412,33.517615176151764,33.73047619047619,32.964285714285715,41.794612794612796,41.52557127312296,279.7826086956522,299.455737704918,298.0762195121951,365313.6704708268,284983.7330672453,287586.6025473613,11.80952380952381,27.856502242152466,26.475409836065573,32.68,44.75639097744361,44.31884057971015,23.25,47.28367670364501,46.262518968133534,24.0,45.85769230769231,45.100247524752476
2024-12-01,,3.4,8786,,,,,,,465.76,466.21,429.97,432.72,3353.301724137931,622.6469933184856,708.0720064724919,32.588235294117645,33.36788617886179,33.27321428571429,34.25,43.70894677236693,43.41822173435785,324.3478260869565,332.0655737704918,331.5243902439024,362731.83816951886,284290.72164967924,286832.38911233324,14.5,28.963963963963963,27.65983606557377,31.666666666666668,44.574660633484164,44.12372634643377,25.846153846153847,48.003236245954696,47.108695652173914,26.0,46.03865979381443,45.340796019900495
2025-01-01,,3.5,9747,9146,23.333333333333332,-10.166666666666666,47009,17.231060606060606,4.113636363636363,461.73,464.22,430.52,434.45,3464.9655172413795,587.6049554565701,677.6194714131607,33.01470588235294,34.52427821522309,34.34606481481481,33.86206896551724,47.081447963800905,46.661555312157724,207.7826086956522,221.35294117647058,220.40425531914894,360215.7695750018,282851.00539846875,285357.79663994303,16.238095238095237,32.68695652173913,31.310756972111555,39.36,49.930780559646536,49.55539772727273,30.296296296296298,57.54213036565978,56.420731707317074,31.214285714285715,52.71736375158429,51.98041615667075
2025-02-01,,3.6,9529,,,,,,,466.48,464.89,434.26,434.59,3716.3706896551726,592.253155159614,689.9871449119022,33.0735294117647,34.43702290076336,34.2804054054054,34.10344827586207,51.83820224719101,51.27856365614799,237.2608695652174,249.70967741935485,248.84984984984985,358457.3632453891,282343.7409030025,284809.9923532027,19.636363636363637,38.2,36.61089494163424,45.61538461538461,61.402919708029195,60.82559774964838,34.67857142857143,70.80854430379746,69.27575757575758,36.32142857142857,64.8188679245283,63.849331713244226
2025-03-01,,3.6,9605,,,,,,,471.37,466.99,438.33,434.92,3911.565517241379,629.4429844097996,732.1199568500539,31.647058823529413,32.430534351145035,32.34054054054054,33.241379310344826,53.92825112107624,53.27687296416938,292.69565217391306,301.8543689320388,301.2198795180723,357779.4466690516,283249.0590835015,285664.01018962555,20.363636363636363,43.49794238683128,41.577358490566034,39.22222222222222,58.081896551724135,57.37759336099585,35.785714285714285,78.65993788819875,76.8735119047619,35.25,65.48514851485149,64.47248803827752
2025-04-01,,3.7,10531,9649,20.333333333333332,-17.333333333333332,52128,14.825757575757576,-2.2405303030303028,470.35,462.66,441.32,433.81,4055.8275862068967,690.8867854491463,796.1546206400576,32.76470588235294,32.43893129770992,32.476351351351354,32.96551724137931,54.32552954292085,53.65658747300216,286.4782608695652,286.67628205128204,286.6626865671642,358054.7544353638,285253.99377991527,287612.90110841586,19.181818181818183,48.476,46.106617647058826,28.25,47.71896316507503,47.00262812089356,35.464285714285715,84.25190839694656,82.25183016105417,32.142857142857146,60.47228915662651,59.54778554778555
2025-05-01,,3.7,9777,,,,,,,472.1,462.17,443.75,433.89,4083.1241379310345,759.6397364513733,863.6106616325063,34.23529411764706,33.274809160305345,33.38513513513514,32.62068965517241,51.11036789297659,50.53131749460043,324.95652173913044,309.2278481012658,310.29498525073745,357765.6423757792,287602.4053041529,289875.8509746302,19.045454545454547,48.83984375,46.48201438848921,20.464285714285715,37.91825613079019,37.27690288713911,35.32142857142857,83.79331306990882,81.81486880466473,29.678571428571427,54.293622141997595,53.49126891734575
2025-06-01,,3.7,10442,,,,,,,469.46,459.43,443.74,433.56,4026.646551724138,808.4832962138084,909.1593851132686,34.64705882352941,34.12595419847328,34.185810810810814,32.0,48.927536231884055,48.39740820734341,300.5652173913044,287.4858934169279,288.3654970760234,356681.95511389204,289231.4697813094,291417.01623342664,17.045454545454547,45.16064257028113,42.87822878228782,20.357142857142858,39.22115384615385,38.52248677248677,32.57142857142857,77.85502958579882,76.05397727272727,27.464285714285715,53.97721822541966,53.11600928074246
2025-07-01,,3.7,8980,8896,20.166666666666668,-10.5,51707,14.875,5.7272727272727275,467.8,459.37,441.86,433.45,3944.405172413793,827.3386228656274,924.8520316432938,34.4264705882353,33.95038167938932,34.005067567567565,32.55172413793103,46.941045606229146,46.491379310344826,248.04347826086956,261.9099378881988,260.9855072463768,355151.40689828206,290628.9506531368,292719.6224197393,14.454545454545455,39.87951807228916,37.81549815498155,17.964285714285715,36.477428180574556,35.794466403162055,27.5,67.7645305514158,66.1516452074392,23.964285714285715,49.688995215311,48.855324074074076
2025-08-01,,3.8,8996,,,,,,,467.55,461.71,441.3,435.3,3793.9103448275864,835.119153674833,927.6811218985977,33.56470588235294,33.378625954198476,33.4,33.57142857142857,44.70457079152731,44.36756756756757,264.95652173913044,264.8796296296296,264.8847262247839,353113.0133105032,290241.1808188099,292278.36868725583,11.454545454545455,30.916666666666668,29.354014598540147,15.428571428571429,32.06775067750677,31.45953002610966,22.857142857142858,58.031976744186046,56.65642458100559,20.285714285714285,43.089392133492254,42.35294117647059
2025-09-01,,3.9,8517,,,,,,,465.55,460.26,439.72,435.04,3660.905172413793,835.9278953229399,924.3036677454153,33.01470588235294,32.847328244274806,32.866554054054056,31.379310344827587,41.0958751393534,40.79157667386609,257.82608695652175,261.7476923076923,261.48850574712645,351784.1604984999,289838.21182229713,291845.3989861071,10.590909090909092,27.863636363636363,26.534965034965033,13.535714285714286,26.65135135135135,26.173177083333332,20.678571428571427,49.87157287157287,48.737864077669904,17.928571428571427,36.74674556213018,36.14318442153494
2025-10-01,,,9990,8670,21.333333333333332,-4.5,49414,16.418560606060606,6.2859848484848495,464.67,461.96,439.15,436.78,3642.75,835.2809020044543,923.108953613808,33.39705882352941,33.01526717557252,33.05912162162162,31.571428571428573,38.576707726763715,38.36373507057546,230.04166666666666,240.43843843843842,239.73949579831933,350569.359371845,289349.1331713267,291332.8053051983,11.555555555555555,30.77403846153846,29.976958525345623,9.857142857142858,20.127891156462585,19.750982961992136,18.607142857142858,43.31285714285714,42.362637362637365,15.379310344827585,31.842789598108748,31.297142857142855
2025-11-01,,4.2,6975,,,,,,,467.48,465.2,439.72,439.72,3615.8758620689655,790.1314031180401,878.5311758360302,33.21176470588235,33.01832061068702,33.04054054054054,32.107142857142854,37.353932584269664,37.19389978213508,213.95833333333334,212.55786350148367,212.65096952908587,349190.8758913383,288723.17333468667,290682.46202087984,13.0,27.693146417445483,27.100149476831092,6.961538461538462,15.121739130434783,14.825418994413408,17.962962962962962,38.78581560283688,38.01775956284153,15.206896551724139,29.43705463182898,28.96326061997704
2025-12-01,,4.3,7578,,,,,,,465.85,465.95,437.71,440.36,3486.919540229885,704.0624536005939,791.1205501618123,32.73529411764706,33.57442748091603,33.47804054054054,33.07142857142857,39.34160090191657,39.14972677595628,248.53846153846155,256.65714285714284,256.09574468085106,347839.8892022893,287741.72038319684,289689.0353505194,15.178571428571429,30.858024691358025,30.208579881656803,6.538461538461538,14.921167883211679,14.614627285513361,21.5,41.181688125894134,40.42365887207703,18.620689655172413,32.198816568047334,31.748283752860413
